[{"model": "order.order", "pk": 5, "fields": {"order_no": "000123", "total": "223", "order_date": "2019-12-16", "status": 4, "address": 20, "user": 1}}, {"model": "order.order", "pk": 9, "fields": {"order_no": "9533094002", "total": "223", "order_date": "2019-12-17", "status": 2, "address": 24, "user": 1}}, {"model": "order.order", "pk": 10, "fields": {"order_no": "2275479040", "total": "223", "order_date": "2019-12-17", "status": 2, "address": 25, "user": 1}}, {"model": "order.order", "pk": 14, "fields": {"order_no": "3114564987", "total": "223", "order_date": "2019-12-17", "status": 2, "address": 29, "user": 1}}, {"model": "order.order", "pk": 16, "fields": {"order_no": "989023928", "total": "223", "order_date": "2019-12-17", "status": 3, "address": 31, "user": 1}}, {"model": "order.order", "pk": 17, "fields": {"order_no": "6102790350", "total": "223", "order_date": "2019-12-17", "status": 4, "address": 32, "user": 1}}, {"model": "order.order", "pk": 23, "fields": {"order_no": "5541195317", "total": "223", "order_date": "2019-12-17", "status": 4, "address": 38, "user": 4}}, {"model": "order.order", "pk": 28, "fields": {"order_no": "1975427184", "total": "320", "order_date": "2019-12-17", "status": 2, "address": 43, "user": 1}}, {"model": "order.order", "pk": 33, "fields": {"order_no": "1324546089", "total": "320", "order_date": "2019-12-17", "status": 3, "address": 48, "user": 7}}, {"model": "order.order", "pk": 36, "fields": {"order_no": "3196518907", "total": "320", "order_date": "2019-12-18", "status": 2, "address": 51, "user": 4}}, {"model": "order.order", "pk": 38, "fields": {"order_no": "0003600092814", "total": "320", "order_date": "2019-12-18", "status": 3, "address": 53, "user": 4}}, {"model": "order.order", "pk": 39, "fields": {"order_no": "0004479650961", "total": "320", "order_date": "2019-12-19", "status": 2, "address": 54, "user": 1}}, {"model": "order.order", "pk": 47, "fields": {"order_no": "0005276733889", "total": "14", "order_date": "2019-12-20", "status": 2, "address": 70, "user": 1}}, {"model": "order.order", "pk": 48, "fields": {"order_no": "0008844808026", "total": "14", "order_date": "2019-12-20", "status": 3, "address": 71, "user": 7}}, {"model": "order.order", "pk": 49, "fields": {"order_no": "0008428669901", "total": "14", "order_date": "2019-12-20", "status": 1, "address": 72, "user": 1}}, {"model": "order.order", "pk": 50, "fields": {"order_no": "0002084969033", "total": "14", "order_date": "2019-12-20", "status": 2, "address": 73, "user": 1}}, {"model": "order.order", "pk": 51, "fields": {"order_no": "0005274545166", "total": "14", "order_date": "2019-12-20", "status": 4, "address": 74, "user": 7}}, {"model": "order.order", "pk": 52, "fields": {"order_no": "0005762437830", "total": "14", "order_date": "2019-12-20", "status": 4, "address": 75, "user": 1}}, {"model": "order.order", "pk": 53, "fields": {"order_no": "0007429033468", "total": "14", "order_date": "2019-12-20", "status": 3, "address": 76, "user": 1}}, {"model": "order.order", "pk": 54, "fields": {"order_no": "0001967427686", "total": "14", "order_date": "2019-12-20", "status": 2, "address": 77, "user": 1}}, {"model": "order.order", "pk": 55, "fields": {"order_no": "0002761601285", "total": "14", "order_date": "2019-12-20", "status": 1, "address": 78, "user": 1}}, {"model": "order.order", "pk": 59, "fields": {"order_no": "0001503882107", "total": "14", "order_date": "2019-12-20", "status": 4, "address": 82, "user": 1}}, {"model": "order.order", "pk": 60, "fields": {"order_no": "0007861869393", "total": "14", "order_date": "2019-12-20", "status": 3, "address": 83, "user": 1}}, {"model": "order.order", "pk": 61, "fields": {"order_no": "0002117223528", "total": "14", "order_date": "2019-12-20", "status": 2, "address": 84, "user": 1}}, {"model": "order.order", "pk": 62, "fields": {"order_no": "0002677426224", "total": "11", "order_date": "2019-12-21", "status": 2, "address": 85, "user": 5}}, {"model": "order.order", "pk": 63, "fields": {"order_no": "0007650638153", "total": "11", "order_date": "2019-12-21", "status": 1, "address": 86, "user": 7}}, {"model": "order.order", "pk": 64, "fields": {"order_no": "0009181606000", "total": "11", "order_date": "2019-12-21", "status": 5, "address": 87, "user": 5}}, {"model": "order.order", "pk": 65, "fields": {"order_no": "0004564467644", "total": "11", "order_date": "2019-12-21", "status": 4, "address": 88, "user": 7}}, {"model": "order.order", "pk": 66, "fields": {"order_no": "0007608347244", "total": "11", "order_date": "2019-12-21", "status": 1, "address": 89, "user": 5}}, {"model": "order.order", "pk": 67, "fields": {"order_no": "0001306182585", "total": "11", "order_date": "2019-12-21", "status": 2, "address": 90, "user": 5}}, {"model": "order.order", "pk": 68, "fields": {"order_no": "0008567361981", "total": "11", "order_date": "2019-12-21", "status": 1, "address": 91, "user": 4}}, {"model": "order.order", "pk": 69, "fields": {"order_no": "0003095177655", "total": "11", "order_date": "2019-12-23", "status": 1, "address": 92, "user": 5}}, {"model": "order.order", "pk": 70, "fields": {"order_no": "0003601388939", "total": "11", "order_date": "2019-12-23", "status": 4, "address": 93, "user": 7}}, {"model": "order.order", "pk": 76, "fields": {"order_no": "0005682454762", "total": "12", "order_date": "2019-12-25", "status": 2, "address": 99, "user": 5}}, {"model": "order.order", "pk": 77, "fields": {"order_no": "000992859542", "total": "12", "order_date": "2019-12-25", "status": 2, "address": 100, "user": 5}}, {"model": "order.order", "pk": 78, "fields": {"order_no": "0001937864068", "total": "12", "order_date": "2019-12-25", "status": 4, "address": 101, "user": 4}}, {"model": "order.order", "pk": 79, "fields": {"order_no": "0004985510338", "total": "12", "order_date": "2019-12-25", "status": 5, "address": 102, "user": 5}}, {"model": "order.order", "pk": 80, "fields": {"order_no": "0005363393602", "total": "12", "order_date": "2019-12-25", "status": 1, "address": 103, "user": 4}}, {"model": "order.order", "pk": 81, "fields": {"order_no": "0000201912261350385468", "total": "4", "order_date": "2019-12-26", "status": 3, "address": 108, "user": 6}}, {"model": "order.orderaddress", "pk": 20, "fields": {"name": "\u5c0f\u660eABC", "province": "TangYan Road", "city": "Xi'an", "district": "Xi'an", "road": "", "postcode": "71000000-2", "phone_number": "12345678901"}}, {"model": "order.orderaddress", "pk": 24, "fields": {"name": "\u5c0f\u660eABC", "province": "TangYan Road", "city": "Xi'an", "district": "Xi'an", "road": "", "postcode": "71000000-2", "phone_number": "12345678901"}}, {"model": "order.orderaddress", "pk": 25, "fields": {"name": "\u5c0f\u660eABC", "province": "TangYan Road", "city": "Xi'an", "district": "Xi'an", "road": "", "postcode": "71000000-2", "phone_number": "12345678901"}}, {"model": "order.orderaddress", "pk": 29, "fields": {"name": "\u5c0f\u660eABC", "province": "TangYan Road", "city": "Xi'an", "district": "Xi'an", "road": "", "postcode": "71000000-2", "phone_number": "12345678901"}}, {"model": "order.orderaddress", "pk": 31, "fields": {"name": "\u5c0f\u660eABC", "province": "TangYan Road", "city": "Xi'an", "district": "Xi'an", "road": "", "postcode": "71000000-2", "phone_number": "12345678901"}}, {"model": "order.orderaddress", "pk": 32, "fields": {"name": "\u5c0f\u660eABC", "province": "TangYan Road", "city": "Xi'an", "district": "Xi'an", "road": "", "postcode": "71000000-2", "phone_number": "12345678901"}}, {"model": "order.orderaddress", "pk": 38, "fields": {"name": "\u5c0f\u660eABC", "province": "TangYan Road", "city": "Xi'an", "district": "Xi'an", "road": "", "postcode": "71000000-2", "phone_number": "12345678901"}}, {"model": "order.orderaddress", "pk": 39, "fields": {"name": "\u5c0f\u660eABC", "province": "TangYan Road", "city": "Xi'an", "district": "Xi'an", "road": "", "postcode": "71000000-2", "phone_number": "12345678901"}}, {"model": "order.orderaddress", "pk": 40, "fields": {"name": "\u5c0f\u660eABC", "province": "TangYan Road", "city": "Xi'an", "district": "Xi'an", "road": "", "postcode": "71000000-2", "phone_number": "12345678901"}}, {"model": "order.orderaddress", "pk": 41, "fields": {"name": "\u5c0f\u660eABC", "province": "TangYan Road", "city": "Xi'an", "district": "Xi'an", "road": "", "postcode": "71000000-2", "phone_number": "12345678901"}}, {"model": "order.orderaddress", "pk": 42, "fields": {"name": "\u5c0f\u660eABC", "province": "TangYan Road", "city": "Xi'an", "district": "Xi'an", "road": "", "postcode": "71000000-2", "phone_number": "12345678901"}}, {"model": "order.orderaddress", "pk": 43, "fields": {"name": "\u5c0f\u660eABC", "province": "TangYan Road", "city": "Xi'an", "district": "Xi'an", "road": "", "postcode": "71000000-2", "phone_number": "12345678901"}}, {"model": "order.orderaddress", "pk": 44, "fields": {"name": "\u5c0f\u660eABC", "province": "TangYan Road", "city": "Xi'an", "district": "Xi'an", "road": "", "postcode": "71000000-2", "phone_number": "12345678901"}}, {"model": "order.orderaddress", "pk": 48, "fields": {"name": "\u5c0f\u660eABC", "province": "TangYan Road", "city": "Xi'an", "district": "Xi'an", "road": "", "postcode": "71000000-2", "phone_number": "12345678901"}}, {"model": "order.orderaddress", "pk": 51, "fields": {"name": "\u5c0f\u660eABC", "province": "TangYan Road", "city": "Xi'an", "district": "Xi'an", "road": "", "postcode": "71000000-2", "phone_number": "12345678901"}}, {"model": "order.orderaddress", "pk": 53, "fields": {"name": "\u5c0f\u660eABC", "province": "TangYan Road", "city": "Xi'an", "district": "Xi'an", "road": "", "postcode": "71000000-2", "phone_number": "12345678901"}}, {"model": "order.orderaddress", "pk": 54, "fields": {"name": "\u5c0f\u660eABC", "province": "TangYan Road", "city": "Xi'an", "district": "Xi'an", "road": "", "postcode": "71000000-2", "phone_number": "12345678901"}}, {"model": "order.orderaddress", "pk": 70, "fields": {"name": "abcaa", "province": "bb", "city": "ccfccc33", "district": "dddfsss", "road": "eeff", "postcode": "123112", "phone_number": "12312323"}}, {"model": "order.orderaddress", "pk": 71, "fields": {"name": "abcaa", "province": "bb", "city": "ccfccc33", "district": "dddfsss", "road": "eeff", "postcode": "123112", "phone_number": "12312323"}}, {"model": "order.orderaddress", "pk": 72, "fields": {"name": "abcaa", "province": "bb", "city": "ccfccc33", "district": "dddfsss", "road": "eeff", "postcode": "123112", "phone_number": "12312323"}}, {"model": "order.orderaddress", "pk": 73, "fields": {"name": "abcaa", "province": "bb", "city": "ccfccc33", "district": "dddfsss", "road": "eeff", "postcode": "123112", "phone_number": "12312323"}}, {"model": "order.orderaddress", "pk": 74, "fields": {"name": "abcaa", "province": "bb", "city": "ccfccc33", "district": "dddfsss", "road": "eeff", "postcode": "123112", "phone_number": "12312323"}}, {"model": "order.orderaddress", "pk": 75, "fields": {"name": "abcaa", "province": "bb", "city": "ccfccc33", "district": "dddfsss", "road": "eeff", "postcode": "123112", "phone_number": "12312323"}}, {"model": "order.orderaddress", "pk": 76, "fields": {"name": "abcaa", "province": "bb", "city": "ccfccc33", "district": "dddfsss", "road": "eeff", "postcode": "123112", "phone_number": "12312323"}}, {"model": "order.orderaddress", "pk": 77, "fields": {"name": "abcaa", "province": "bb", "city": "ccfccc33", "district": "dddfsss", "road": "eeff", "postcode": "123112", "phone_number": "12312323"}}, {"model": "order.orderaddress", "pk": 78, "fields": {"name": "abcaa", "province": "bb", "city": "ccfccc33", "district": "dddfsss", "road": "eeff22", "postcode": "123112", "phone_number": "12312323"}}, {"model": "order.orderaddress", "pk": 82, "fields": {"name": "abcaa", "province": "bb", "city": "ccfccc33", "district": "dddfsss", "road": "eeff22", "postcode": "12311244", "phone_number": "12312323"}}, {"model": "order.orderaddress", "pk": 83, "fields": {"name": "abcaa", "province": "bb", "city": "ccfccc33", "district": "dddfsss", "road": "eeff22", "postcode": "12311244", "phone_number": "12312323"}}, {"model": "order.orderaddress", "pk": 84, "fields": {"name": "abcaa", "province": "bb", "city": "ccfccc33", "district": "dddfsss", "road": "eeff22", "postcode": "12311244", "phone_number": "12312323"}}, {"model": "order.orderaddress", "pk": 85, "fields": {"name": "xlx", "province": "55", "city": "44", "district": "333", "road": "123", "postcode": "5666", "phone_number": "7777"}}, {"model": "order.orderaddress", "pk": 86, "fields": {"name": "", "province": "", "city": "", "district": "", "road": "", "postcode": "", "phone_number": ""}}, {"model": "order.orderaddress", "pk": 87, "fields": {"name": "", "province": "", "city": "", "district": "", "road": "", "postcode": "", "phone_number": ""}}, {"model": "order.orderaddress", "pk": 88, "fields": {"name": "", "province": "", "city": "", "district": "", "road": "", "postcode": "", "phone_number": ""}}, {"model": "order.orderaddress", "pk": 89, "fields": {"name": "321444", "province": "2312", "city": "31231", "district": "144", "road": "1231111", "postcode": "312", "phone_number": "3123"}}, {"model": "order.orderaddress", "pk": 90, "fields": {"name": "321444", "province": "2312", "city": "31231", "district": "1", "road": "1231111", "postcode": "312", "phone_number": "3123"}}, {"model": "order.orderaddress", "pk": 91, "fields": {"name": "321412", "province": "2312", "city": "31231", "district": "1", "road": "1231111", "postcode": "312", "phone_number": "3123"}}, {"model": "order.orderaddress", "pk": 92, "fields": {"name": "123", "province": "123", "city": "3", "district": "312", "road": "12", "postcode": "123", "phone_number": "23"}}, {"model": "order.orderaddress", "pk": 93, "fields": {"name": "123", "province": "123", "city": "3", "district": "312", "road": "12", "postcode": "123", "phone_number": "23"}}, {"model": "order.orderaddress", "pk": 99, "fields": {"name": "\u5c0f\u660eABC", "province": "Shannxi", "city": "Xi'an", "district": "Xi'an", "road": "TangYan Road", "postcode": "71000000-2", "phone_number": "12345678901"}}, {"model": "order.orderaddress", "pk": 100, "fields": {"name": "\u5c0f\u660eABC", "province": "Shannxi", "city": "Xi'an", "district": "Xi'an", "road": "TangYan Road", "postcode": "71000000-2", "phone_number": "12345678901"}}, {"model": "order.orderaddress", "pk": 101, "fields": {"name": "\u5c0f\u660eABC", "province": "Shannxi", "city": "Xi'an", "district": "Xi'an", "road": "TangYan Road", "postcode": "71000000-2", "phone_number": "12345678901"}}, {"model": "order.orderaddress", "pk": 102, "fields": {"name": "\u5c0f\u660eABC", "province": "Shannxi", "city": "Xi'an", "district": "Xi'an", "road": "TangYan Road", "postcode": "71000000-2", "phone_number": "12345678901"}}, {"model": "order.orderaddress", "pk": 103, "fields": {"name": "\u5c0f\u660eABC", "province": "Shannxi", "city": "Xi'an", "district": "Xi'an", "road": "TangYan Road", "postcode": "71000000-2", "phone_number": "12345678901"}}, {"model": "order.orderaddress", "pk": 108, "fields": {"name": "23", "province": "3123", "city": "12", "district": "3123", "road": "123", "postcode": "123", "phone_number": "12131"}}, {"model": "order.order_goods", "pk": 7, "fields": {"order": 5, "name_en": null, "img": "1.jpg", "on_price": 0, "quantity": 3, "description_en": null}}, {"model": "order.order_goods", "pk": 8, "fields": {"order": 5, "name_en": null, "img": "1.jpg", "on_price": 0, "quantity": 2, "description_en": null}}, {"model": "order.order_goods", "pk": 9, "fields": {"order": 9, "name_en": null, "img": "1.jpg", "on_price": 0, "quantity": 3, "description_en": null}}, {"model": "order.order_goods", "pk": 10, "fields": {"order": 9, "name_en": null, "img": "1.jpg", "on_price": 0, "quantity": 2, "description_en": null}}, {"model": "order.order_goods", "pk": 11, "fields": {"order": 10, "name_en": null, "img": "1.jpg", "on_price": 0, "quantity": 3, "description_en": null}}, {"model": "order.order_goods", "pk": 12, "fields": {"order": 10, "name_en": null, "img": "1.jpg", "on_price": 0, "quantity": 2, "description_en": null}}, {"model": "order.order_goods", "pk": 13, "fields": {"order": 14, "name_en": null, "img": "1.jpg", "on_price": 0, "quantity": 3, "description_en": null}}, {"model": "order.order_goods", "pk": 14, "fields": {"order": 14, "name_en": null, "img": "1.jpg", "on_price": 0, "quantity": 2, "description_en": null}}, {"model": "order.order_goods", "pk": 17, "fields": {"order": 16, "name_en": null, "img": "1.jpg", "on_price": 0, "quantity": 3, "description_en": null}}, {"model": "order.order_goods", "pk": 18, "fields": {"order": 16, "name_en": null, "img": "1.jpg", "on_price": 0, "quantity": 2, "description_en": null}}, {"model": "order.order_goods", "pk": 19, "fields": {"order": 17, "name_en": null, "img": "1.jpg", "on_price": 0, "quantity": 3, "description_en": null}}, {"model": "order.order_goods", "pk": 20, "fields": {"order": 17, "name_en": null, "img": "1.jpg", "on_price": 0, "quantity": 2, "description_en": null}}, {"model": "order.order_goods", "pk": 23, "fields": {"order": 23, "name_en": null, "img": "1.jpg", "on_price": 0, "quantity": 3, "description_en": null}}, {"model": "order.order_goods", "pk": 24, "fields": {"order": 23, "name_en": null, "img": "1.jpg", "on_price": 0, "quantity": 2, "description_en": null}}, {"model": "order.order_goods", "pk": 25, "fields": {"order": 28, "name_en": null, "img": "1.jpg", "on_price": 0, "quantity": 3, "description_en": null}}, {"model": "order.order_goods", "pk": 26, "fields": {"order": 28, "name_en": null, "img": "1.jpg", "on_price": 0, "quantity": 2, "description_en": null}}, {"model": "order.order_goods", "pk": 29, "fields": {"order": 33, "name_en": null, "img": "1.jpg", "on_price": 0, "quantity": 2, "description_en": null}}, {"model": "order.order_goods", "pk": 30, "fields": {"order": 33, "name_en": null, "img": "1.jpg", "on_price": 0, "quantity": 2, "description_en": null}}, {"model": "order.order_goods", "pk": 31, "fields": {"order": 36, "name_en": null, "img": "1.jpg", "on_price": 0, "quantity": 1, "description_en": null}}, {"model": "order.order_goods", "pk": 32, "fields": {"order": 36, "name_en": null, "img": "1.jpg", "on_price": 0, "quantity": 2, "description_en": null}}, {"model": "order.order_goods", "pk": 33, "fields": {"order": 38, "name_en": null, "img": "1.jpg", "on_price": 0, "quantity": 3, "description_en": null}}, {"model": "order.order_goods", "pk": 34, "fields": {"order": 38, "name_en": null, "img": "1.jpg", "on_price": 0, "quantity": 2, "description_en": null}}, {"model": "order.order_goods", "pk": 35, "fields": {"order": 39, "name_en": null, "img": "1.jpg", "on_price": 0, "quantity": 3, "description_en": null}}, {"model": "order.order_goods", "pk": 36, "fields": {"order": 39, "name_en": null, "img": "1.jpg", "on_price": 0, "quantity": 2, "description_en": null}}, {"model": "order.order_goods", "pk": 45, "fields": {"order": 47, "name_en": null, "img": "1.jpg", "on_price": 0, "quantity": 3, "description_en": null}}, {"model": "order.order_goods", "pk": 46, "fields": {"order": 48, "name_en": null, "img": "1.jpg", "on_price": 0, "quantity": 3, "description_en": null}}, {"model": "order.order_goods", "pk": 47, "fields": {"order": 49, "name_en": null, "img": "1.jpg", "on_price": 0, "quantity": 3, "description_en": null}}, {"model": "order.order_goods", "pk": 48, "fields": {"order": 50, "name_en": null, "img": "1.jpg", "on_price": 0, "quantity": 1, "description_en": null}}, {"model": "order.order_goods", "pk": 49, "fields": {"order": 50, "name_en": null, "img": "1.jpg", "on_price": 0, "quantity": 2, "description_en": null}}, {"model": "order.order_goods", "pk": 50, "fields": {"order": 50, "name_en": null, "img": "1.jpg", "on_price": 0, "quantity": 3, "description_en": null}}, {"model": "order.order_goods", "pk": 51, "fields": {"order": 51, "name_en": null, "img": "1.jpg", "on_price": 0, "quantity": 1, "description_en": null}}, {"model": "order.order_goods", "pk": 52, "fields": {"order": 51, "name_en": null, "img": "1.jpg", "on_price": 0, "quantity": 2, "description_en": null}}, {"model": "order.order_goods", "pk": 53, "fields": {"order": 51, "name_en": null, "img": "1.jpg", "on_price": 0, "quantity": 3, "description_en": null}}, {"model": "order.order_goods", "pk": 54, "fields": {"order": 52, "name_en": null, "img": "1.jpg", "on_price": 0, "quantity": 1, "description_en": null}}, {"model": "order.order_goods", "pk": 55, "fields": {"order": 52, "name_en": null, "img": "1.jpg", "on_price": 0, "quantity": 2, "description_en": null}}, {"model": "order.order_goods", "pk": 56, "fields": {"order": 52, "name_en": null, "img": "1.jpg", "on_price": 0, "quantity": 3, "description_en": null}}, {"model": "order.order_goods", "pk": 57, "fields": {"order": 53, "name_en": null, "img": "1.jpg", "on_price": 0, "quantity": 1, "description_en": null}}, {"model": "order.order_goods", "pk": 58, "fields": {"order": 53, "name_en": null, "img": "1.jpg", "on_price": 0, "quantity": 2, "description_en": null}}, {"model": "order.order_goods", "pk": 59, "fields": {"order": 53, "name_en": null, "img": "1.jpg", "on_price": 0, "quantity": 3, "description_en": null}}, {"model": "order.order_goods", "pk": 60, "fields": {"order": 54, "name_en": null, "img": "1.jpg", "on_price": 0, "quantity": 1, "description_en": null}}, {"model": "order.order_goods", "pk": 61, "fields": {"order": 54, "name_en": null, "img": "1.jpg", "on_price": 0, "quantity": 2, "description_en": null}}, {"model": "order.order_goods", "pk": 62, "fields": {"order": 54, "name_en": null, "img": "1.jpg", "on_price": 0, "quantity": 3, "description_en": null}}, {"model": "order.order_goods", "pk": 63, "fields": {"order": 55, "name_en": null, "img": "1.jpg", "on_price": 0, "quantity": 1, "description_en": null}}, {"model": "order.order_goods", "pk": 64, "fields": {"order": 55, "name_en": null, "img": "1.jpg", "on_price": 0, "quantity": 2, "description_en": null}}, {"model": "order.order_goods", "pk": 65, "fields": {"order": 55, "name_en": null, "img": "1.jpg", "on_price": 0, "quantity": 3, "description_en": null}}, {"model": "order.order_goods", "pk": 66, "fields": {"order": 59, "name_en": null, "img": "1.jpg", "on_price": 0, "quantity": 1, "description_en": null}}, {"model": "order.order_goods", "pk": 67, "fields": {"order": 59, "name_en": null, "img": "1.jpg", "on_price": 0, "quantity": 2, "description_en": null}}, {"model": "order.order_goods", "pk": 68, "fields": {"order": 59, "name_en": null, "img": "1.jpg", "on_price": 0, "quantity": 3, "description_en": null}}, {"model": "order.order_goods", "pk": 69, "fields": {"order": 60, "name_en": null, "img": "1.jpg", "on_price": 0, "quantity": 1, "description_en": null}}, {"model": "order.order_goods", "pk": 70, "fields": {"order": 60, "name_en": null, "img": "1.jpg", "on_price": 0, "quantity": 2, "description_en": null}}, {"model": "order.order_goods", "pk": 71, "fields": {"order": 60, "name_en": null, "img": "1.jpg", "on_price": 0, "quantity": 3, "description_en": null}}, {"model": "order.order_goods", "pk": 72, "fields": {"order": 61, "name_en": null, "img": "1.jpg", "on_price": 0, "quantity": 1, "description_en": null}}, {"model": "order.order_goods", "pk": 73, "fields": {"order": 61, "name_en": null, "img": "1.jpg", "on_price": 0, "quantity": 2, "description_en": null}}, {"model": "order.order_goods", "pk": 74, "fields": {"order": 61, "name_en": null, "img": "1.jpg", "on_price": 0, "quantity": 3, "description_en": null}}, {"model": "order.order_goods", "pk": 75, "fields": {"order": 62, "name_en": null, "img": "1.jpg", "on_price": 0, "quantity": 1, "description_en": null}}, {"model": "order.order_goods", "pk": 76, "fields": {"order": 62, "name_en": null, "img": "1.jpg", "on_price": 0, "quantity": 4, "description_en": null}}, {"model": "order.order_goods", "pk": 77, "fields": {"order": 63, "name_en": null, "img": "1.jpg", "on_price": 0, "quantity": 1, "description_en": null}}, {"model": "order.order_goods", "pk": 78, "fields": {"order": 63, "name_en": null, "img": "1.jpg", "on_price": 0, "quantity": 4, "description_en": null}}, {"model": "order.order_goods", "pk": 79, "fields": {"order": 64, "name_en": null, "img": "1.jpg", "on_price": 0, "quantity": 1, "description_en": null}}, {"model": "order.order_goods", "pk": 80, "fields": {"order": 64, "name_en": null, "img": "1.jpg", "on_price": 0, "quantity": 4, "description_en": null}}, {"model": "order.order_goods", "pk": 81, "fields": {"order": 65, "name_en": null, "img": "1.jpg", "on_price": 0, "quantity": 1, "description_en": null}}, {"model": "order.order_goods", "pk": 82, "fields": {"order": 65, "name_en": null, "img": "1.jpg", "on_price": 0, "quantity": 4, "description_en": null}}, {"model": "order.order_goods", "pk": 83, "fields": {"order": 66, "name_en": null, "img": "1.jpg", "on_price": 0, "quantity": 1, "description_en": null}}, {"model": "order.order_goods", "pk": 84, "fields": {"order": 66, "name_en": null, "img": "1.jpg", "on_price": 0, "quantity": 4, "description_en": null}}, {"model": "order.order_goods", "pk": 85, "fields": {"order": 67, "name_en": null, "img": "1.jpg", "on_price": 0, "quantity": 1, "description_en": null}}, {"model": "order.order_goods", "pk": 86, "fields": {"order": 67, "name_en": null, "img": "1.jpg", "on_price": 0, "quantity": 4, "description_en": null}}, {"model": "order.order_goods", "pk": 87, "fields": {"order": 68, "name_en": null, "img": "1.jpg", "on_price": 0, "quantity": 1, "description_en": null}}, {"model": "order.order_goods", "pk": 88, "fields": {"order": 68, "name_en": null, "img": "1.jpg", "on_price": 0, "quantity": 4, "description_en": null}}, {"model": "order.order_goods", "pk": 89, "fields": {"order": 69, "name_en": "aaa", "img": "4.jpg", "on_price": 3, "quantity": 1, "description_en": " aabbcc"}}, {"model": "order.order_goods", "pk": 90, "fields": {"order": 69, "name_en": "adf", "img": "1.jpg", "on_price": 2, "quantity": 4, "description_en": "ddeeff"}}, {"model": "order.order_goods", "pk": 91, "fields": {"order": 70, "name_en": "aaa", "img": "4.jpg", "on_price": 3, "quantity": 1, "description_en": " aabbcc"}}, {"model": "order.order_goods", "pk": 92, "fields": {"order": 70, "name_en": "adf", "img": "1.jpg", "on_price": 2, "quantity": 4, "description_en": "ddeeff"}}, {"model": "order.order_goods", "pk": 96, "fields": {"order": 76, "name_en": "adf", "img": "1.jpg", "on_price": 2, "quantity": 3, "description_en": "ddeeff"}}, {"model": "order.order_goods", "pk": 97, "fields": {"order": 76, "name_en": "aaa", "img": "4.jpg", "on_price": 3, "quantity": 2, "description_en": " aabbcc"}}, {"model": "order.order_goods", "pk": 98, "fields": {"order": 77, "name_en": "adf", "img": "1.jpg", "on_price": 2, "quantity": 3, "description_en": "ddeeff"}}, {"model": "order.order_goods", "pk": 99, "fields": {"order": 77, "name_en": "aaa", "img": "4.jpg", "on_price": 3, "quantity": 2, "description_en": " aabbcc"}}, {"model": "order.order_goods", "pk": 100, "fields": {"order": 78, "name_en": "adf", "img": "1.jpg", "on_price": 2, "quantity": 3, "description_en": "ddeeff"}}, {"model": "order.order_goods", "pk": 101, "fields": {"order": 78, "name_en": "aaa", "img": "4.jpg", "on_price": 3, "quantity": 2, "description_en": " aabbcc"}}, {"model": "order.order_goods", "pk": 102, "fields": {"order": 79, "name_en": "adf", "img": "1.jpg", "on_price": 2, "quantity": 3, "description_en": "ddeeff"}}, {"model": "order.order_goods", "pk": 103, "fields": {"order": 79, "name_en": "aaa", "img": "4.jpg", "on_price": 3, "quantity": 2, "description_en": " aabbcc"}}, {"model": "order.order_goods", "pk": 104, "fields": {"order": 80, "name_en": "adf", "img": "1.jpg", "on_price": 2, "quantity": 3, "description_en": "ddeeff"}}, {"model": "order.order_goods", "pk": 105, "fields": {"order": 80, "name_en": "aaa", "img": "4.jpg", "on_price": 3, "quantity": 2, "description_en": " aabbcc"}}, {"model": "order.orderstatuslog", "pk": 1, "fields": {"order_no": "5682454762", "status": 0, "user_id": "5", "change_date": "2019-12-25T04:08:52Z"}}, {"model": "order.orderstatuslog", "pk": 3, "fields": {"order_no": "992859542", "status": 0, "user_id": "5", "change_date": "2019-12-25T04:09:21Z"}}, {"model": "order.orderstatuslog", "pk": 4, "fields": {"order_no": "1937864068", "status": 0, "user_id": "5", "change_date": "2019-12-25T04:10:25Z"}}, {"model": "order.orderstatuslog", "pk": 5, "fields": {"order_no": "4985510338", "status": 0, "user_id": "5", "change_date": "2019-12-25T04:12:35Z"}}, {"model": "order.orderstatuslog", "pk": 6, "fields": {"order_no": "5363393602", "status": 0, "user_id": "5", "change_date": "2019-12-25T04:13:13Z"}}, {"model": "order.orderstatuslog", "pk": 7, "fields": {"order_no": "d3601388939", "status": 1, "user_id": "1", "change_date": "2019-12-25T07:15:31Z"}}, {"model": "order.orderstatuslog", "pk": 8, "fields": {"order_no": "d3601388939", "status": 2, "user_id": "4", "change_date": "2019-12-25T07:15:47Z"}}, {"model": "order.orderstatuslog", "pk": 9, "fields": {"order_no": "d3601388939", "status": 3, "user_id": "4", "change_date": "2019-12-25T07:15:51Z"}}, {"model": "order.orderstatuslog", "pk": 10, "fields": {"order_no": "d3601388939", "status": 4, "user_id": "5", "change_date": "2019-12-25T07:15:53Z"}}, {"model": "order.orderstatuslog", "pk": 11, "fields": {"order_no": "d3601388939", "status": 5, "user_id": "5", "change_date": "2019-12-25T07:17:48Z"}}, {"model": "order.orderstatuslog", "pk": 12, "fields": {"order_no": "d3601388939", "status": 2, "user_id": "5", "change_date": "2019-12-25T07:17:50Z"}}, {"model": "order.orderstatuslog", "pk": 13, "fields": {"order_no": "5363393602", "status": 1, "user_id": "5", "change_date": "2019-12-25T07:24:28Z"}}, {"model": "order.orderstatuslog", "pk": 14, "fields": {"order_no": "5363393602", "status": 4, "user_id": "5", "change_date": "2019-12-25T07:24:30Z"}}, {"model": "order.orderstatuslog", "pk": 15, "fields": {"order_no": "5363393602", "status": 5, "user_id": "5", "change_date": "2019-12-25T07:24:31Z"}}, {"model": "order.orderstatuslog", "pk": 16, "fields": {"order_no": "5363393602", "status": 7, "user_id": "5", "change_date": "2019-12-25T07:24:33Z"}}, {"model": "order.orderstatuslog", "pk": 17, "fields": {"order_no": "5363393602", "status": 2, "user_id": "5", "change_date": "2019-12-25T07:24:35Z"}}, {"model": "order.orderstatuslog", "pk": 18, "fields": {"order_no": "5363393602", "status": 3, "user_id": "5", "change_date": "2019-12-25T07:24:37Z"}}, {"model": "order.orderstatuslog", "pk": 19, "fields": {"order_no": "5363393602", "status": 1, "user_id": "5", "change_date": "2019-12-25T07:27:23Z"}}, {"model": "order.orderstatuslog", "pk": 20, "fields": {"order_no": "0000201912261350385468", "status": 1, "user_id": "6", "change_date": "2019-12-26T05:50:38Z"}}, {"model": "order.orderstatuslog", "pk": 21, "fields": {"order_no": "123", "status": 1, "user_id": "6", "change_date": "2019-12-28T02:13:54Z"}}, {"model": "order.orderstatuslog", "pk": 22, "fields": {"order_no": "123", "status": 1, "user_id": "6", "change_date": "2019-12-28T03:37:46Z"}}, {"model": "order.orderstatuslog", "pk": 23, "fields": {"order_no": "123", "status": 2, "user_id": "6", "change_date": "2019-12-28T03:37:58Z"}}, {"model": "order.orderstatuslog", "pk": 24, "fields": {"order_no": "123", "status": 4, "user_id": "6", "change_date": "2019-12-28T03:42:10Z"}}, {"model": "order.orderstatuslog", "pk": 25, "fields": {"order_no": "123", "status": 4, "user_id": "6", "change_date": "2019-12-28T03:42:19Z"}}, {"model": "order.orderstatuslog", "pk": 26, "fields": {"order_no": "123", "status": 4, "user_id": "6", "change_date": "2019-12-28T03:42:26Z"}}, {"model": "order.orderstatuslog", "pk": 27, "fields": {"order_no": "123", "status": 4, "user_id": "6", "change_date": "2019-12-28T03:42:57Z"}}, {"model": "order.orderstatuslog", "pk": 28, "fields": {"order_no": "0000201912261350385468", "status": 2, "user_id": "6", "change_date": "2019-12-28T04:09:27Z"}}, {"model": "order.orderstatuslog", "pk": 29, "fields": {"order_no": "0000201912261350385468", "status": 1, "user_id": "6", "change_date": "2019-12-28T04:11:24Z"}}, {"model": "order.orderstatuslog", "pk": 30, "fields": {"order_no": "0000201912261350385468", "status": 2, "user_id": "6", "change_date": "2019-12-28T04:30:28Z"}}, {"model": "order.orderstatuslog", "pk": 31, "fields": {"order_no": "0000201912261350385468", "status": 1, "user_id": "6", "change_date": "2019-12-28T05:21:13Z"}}, {"model": "order.orderstatuslog", "pk": 32, "fields": {"order_no": "0000201912261350385468", "status": 2, "user_id": "6", "change_date": "2019-12-28T05:21:28Z"}}, {"model": "order.orderstatuslog", "pk": 33, "fields": {"order_no": "0000201912261350385468", "status": 1, "user_id": "6", "change_date": "2019-12-28T05:34:07Z"}}, {"model": "order.orderstatuslog", "pk": 34, "fields": {"order_no": "0000201912261350385468", "status": 3, "user_id": "6", "change_date": "2019-12-28T05:34:19Z"}}, {"model": "order.orderstatuslog", "pk": 35, "fields": {"order_no": "0000201912261350385468", "status": 4, "user_id": "6", "change_date": "2019-12-28T05:34:28Z"}}, {"model": "order.orderstatuslog", "pk": 36, "fields": {"order_no": "0000201912261350385468", "status": 5, "user_id": "6", "change_date": "2019-12-28T05:34:34Z"}}, {"model": "order.orderstatuslog", "pk": 37, "fields": {"order_no": "0000201912261350385468", "status": 3, "user_id": "6", "change_date": "2019-12-30T01:27:58Z"}}, {"model": "order.orderstatuslog", "pk": 38, "fields": {"order_no": "0000201912261350385468", "status": 5, "user_id": "6", "change_date": "2019-12-30T09:27:03Z"}}, {"model": "order.orderstatuslog", "pk": 39, "fields": {"order_no": "0000201912261350385468", "status": 4, "user_id": "6", "change_date": "2019-12-30T09:28:07Z"}}, {"model": "order.orderstatuslog", "pk": 40, "fields": {"order_no": "0005682454762", "status": 2, "user_id": "6", "change_date": "2020-01-02T01:43:17Z"}}, {"model": "order.orderstatuslog", "pk": 41, "fields": {"order_no": "0007608347244", "status": 1, "user_id": "6", "change_date": "2020-01-02T01:43:27Z"}}, {"model": "order.orderstatuslog", "pk": 42, "fields": {"order_no": "0001967427686", "status": 2, "user_id": "6", "change_date": "2020-01-02T06:10:58Z"}}, {"model": "order.orderstatuslog", "pk": 43, "fields": {"order_no": "0000201912261350385468", "status": 1, "user_id": "6", "change_date": "2020-01-02T06:40:04Z"}}, {"model": "order.orderstatuslog", "pk": 44, "fields": {"order_no": "0000201912261350385468", "status": 2, "user_id": "6", "change_date": "2020-01-02T06:50:14Z"}}, {"model": "order.orderstatuslog", "pk": 45, "fields": {"order_no": "0000201912261350385468", "status": 3, "user_id": "6", "change_date": "2020-01-02T07:38:34Z"}}]